INSERT INTO person (PERSON_ID,NAME,PHONE,EMAIL) VALUES (1, 'mkyong', '0433100123', 'mkyong@gmail.com');
INSERT INTO person  (PERSON_ID,NAME,PHONE,EMAIL) VALUES (2, 'alex', '0433200123','alex@yahoo.com');
INSERT INTO person  (PERSON_ID,NAME,PHONE,EMAIL) VALUES (3, 'joel', '0433300123','joel@gmail.com');
INSERT INTO person  (PERSON_ID,NAME,PHONE,EMAIL) VALUES (4, 'mkyong','0432203123', 'mkyong@gmail.com');
INSERT INTO person  (PERSON_ID,NAME,PHONE,EMAIL) VALUES (5, 'alex', '0433103123', 'alex@yahoo.com');
INSERT INTO person  (PERSON_ID,NAME,PHONE,EMAIL) VALUES (6, 'joel', '0433303123','joel@gmail.com');
INSERT INTO person  (PERSON_ID,NAME,PHONE,EMAIL) VALUES (7, 'joe', '0422303222','joe@hotmail.com');

INSERT INTO book (BOOK_ID,TITLE,AUTHOR,ISBN) VALUES (1, 'how are you', 'John ', '978-962-217-802-1');
INSERT INTO book (BOOK_ID,TITLE,AUTHOR,ISBN) VALUES (2, 'dog  land', 'Abbott','978-962-217-714-7');
INSERT INTO book (BOOK_ID,TITLE,AUTHOR,ISBN) VALUES (3, 'woodland', 'Abel','978-962-217-715-4');
INSERT INTO book (BOOK_ID,TITLE,AUTHOR,ISBN) VALUES (4, 'children book','Adam', '978-962-217-677-5');
INSERT INTO book (BOOK_ID,TITLE,AUTHOR,ISBN) VALUES (5, 'day dream', 'Braden', '978-962-217-800-7');
INSERT INTO book (BOOK_ID,TITLE,AUTHOR,ISBN) VALUES (6, 'I feel good', 'Connell','978-962-217-803-8');
INSERT INTO book (BOOK_ID,TITLE,AUTHOR,ISBN) VALUES (7, 'how are you', 'John ', '978-962-217-802-1');
INSERT INTO book (BOOK_ID,TITLE,AUTHOR,ISBN) VALUES (8, 'dog  land', 'Abbott','978-962-217-714-7');
INSERT INTO book (BOOK_ID,TITLE,AUTHOR,ISBN) VALUES (9, 'woodland', 'Abel','978-962-217-715-4');
INSERT INTO book (BOOK_ID,TITLE,AUTHOR,ISBN) VALUES (10, 'children book','Adam', '978-962-217-677-5');
INSERT INTO book (BOOK_ID,TITLE,AUTHOR,ISBN) VALUES (11, 'day dream', 'Braden', '978-962-217-800-7');
INSERT INTO book (BOOK_ID,TITLE,AUTHOR,ISBN) VALUES (12, 'I feel good', 'Connell','978-962-217-803-8');

INSERT INTO person_book (PERSON_ID, BOOK_ID) VALUES (1,1);
INSERT INTO person_book (PERSON_ID, BOOK_ID) VALUES (1,2);
INSERT INTO person_book (PERSON_ID, BOOK_ID) VALUES (2,2);
INSERT INTO person_book (PERSON_ID, BOOK_ID) VALUES (2,3);
INSERT INTO person_book (PERSON_ID, BOOK_ID) VALUES (3,4);
INSERT INTO person_book (PERSON_ID, BOOK_ID) VALUES (4,2);
INSERT INTO person_book (PERSON_ID, BOOK_ID) VALUES (5,2);
INSERT INTO person_book (PERSON_ID, BOOK_ID) VALUES (5,3);
INSERT INTO person_book (PERSON_ID, BOOK_ID) VALUES (6,1);
INSERT INTO person_book (PERSON_ID, BOOK_ID) VALUES (6,2);
INSERT INTO person_book (PERSON_ID, BOOK_ID) VALUES (6,3);
INSERT INTO person_book (PERSON_ID, BOOK_ID) VALUES (6,4);
INSERT INTO person_book (PERSON_ID, BOOK_ID) VALUES (6,5);
INSERT INTO person_book (PERSON_ID, BOOK_ID) VALUES (6,6);

commit;